country_name,country_iso3,year,actual_rate,predicted_rate,linear_regression_predicted
Afghanistan,AFG,2021,40.684,41.42081120730738,41.1339814604595
Afghanistan,AFG,2022,37.64,40.999060384329134,40.411090286125685
Afghanistan,AFG,2023,37.588,37.90934739385084,37.082807254822114
Afghanistan,AFG,2024,37.547,37.82204849837508,37.41967883427937
Afghanistan,AFG,2025,37.457,37.779260907142195,37.370554020624205
Angola,AGO,2021,76.372,72.00144934063567,72.82371900610227
Angola,AGO,2022,75.247,75.25878902247668,76.48849408486515
Angola,AGO,2023,74.892,74.5419290929956,74.80169638844194
Angola,AGO,2024,74.881,74.40942289476386,74.54084052747265
Angola,AGO,2025,74.786,74.38227605140422,74.56594389592178
Albania,ALB,2021,59.684,58.98025905363596,59.02661377901178
Albania,ALB,2022,62.161,59.27649584333255,59.49990755443937
Albania,ALB,2023,63.882,62.08463059964437,62.24532874039509
Albania,ALB,2024,64.006,62.76977914037538,63.84933874537977
Albania,ALB,2025,64.263,63.6634175727161,63.750460017706956
United Arab Emirates,ARE,2021,77.054,79.21233544382402,78.4001478275662
United Arab Emirates,ARE,2022,77.242,75.70504557418862,76.53137716264851
United Arab Emirates,ARE,2023,78.367,75.376178049004,76.96391709667901
United Arab Emirates,ARE,2024,78.484,76.58175351016853,78.19964603564853
United Arab Emirates,ARE,2025,78.594,77.15902266567058,78.17222615852864
Argentina,ARG,2021,60.358,54.88630820447042,55.252358632805226
Argentina,ARG,2022,61.484,59.57242386543343,60.706375904049914
Argentina,ARG,2023,62.286,61.04168276475443,61.39101352104653
Argentina,ARG,2024,61.862,61.94130013127164,62.13705959745814
Argentina,ARG,2025,61.913,61.87207262511336,61.54167697926594
Armenia,ARM,2021,61.946,60.596908636902256,61.369595549761755
Armenia,ARM,2022,58.817,61.91043973992304,61.80253712366033
Armenia,ARM,2023,59.987,58.77793834714242,58.167598577868624
Armenia,ARM,2024,59.917,59.39213559616392,59.89584453076493
Armenia,ARM,2025,59.388,59.313015517261846,59.65124547528825
Australia,AUS,2021,66.147,64.09477061216472,64.6498778741772
Australia,AUS,2022,66.89,65.60162554072235,66.04501629140609
Australia,AUS,2023,67.023,66.71961535769562,66.72536333353739
Australia,AUS,2024,66.719,66.8140809872786,66.76688061072724
Australia,AUS,2025,66.537,66.64240504388906,66.39610403650207
Austria,AUT,2021,60.631,59.760644008048295,60.07260658861525
Austria,AUT,2022,60.883,60.2889947244289,60.4367653786068
Austria,AUT,2023,60.853,60.34844085883216,60.675926030580555
Austria,AUT,2024,60.507,60.34844085883216,60.598742886063015
Austria,AUT,2025,60.124,60.011664431090246,60.20223927882385
Azerbaijan,AZE,2021,63.7,66.79407706294421,67.24343510310449
Azerbaijan,AZE,2022,64.776,62.526904138602504,62.989227519185796
Azerbaijan,AZE,2023,64.345,63.97258144153248,64.66378096905817
Azerbaijan,AZE,2024,63.901,63.949534897039655,64.02400671252099
Azerbaijan,AZE,2025,63.288,63.16207400152738,63.57022536553338
Burundi,BDI,2021,79.094,78.39813319655396,78.09826626480816
Burundi,BDI,2022,79.104,79.07599085470707,78.86652732923196
Burundi,BDI,2023,78.801,79.24444172751528,78.79510205714253
Burundi,BDI,2024,78.492,79.20895070305419,78.44183368691458
Burundi,BDI,2025,78.255,77.31541748779472,78.12346880975112
Belgium,BEL,2021,54.048,53.447697975973405,53.12106835953095
Belgium,BEL,2022,54.576,53.51947531536614,53.93190878436033
Belgium,BEL,2023,54.407,53.51304509044622,54.429769496253
Belgium,BEL,2024,54.538,53.52818234734818,54.15885527629366
Belgium,BEL,2025,54.274,53.45332360672453,54.31955714105659
Benin,BEN,2021,76.076,74.1420107906792,74.46383338790835
Benin,BEN,2022,76.28,75.22956499365156,75.95965999537806
Benin,BEN,2023,76.274,75.1648377954991,76.00772223923862
Benin,BEN,2024,76.27,75.15065499788005,75.96403504840248
Benin,BEN,2025,76.356,75.15065499788005,75.95057045222714
Burkina Faso,BFA,2021,73.984,74.57497123567619,74.58990091704625
Burkina Faso,BFA,2022,72.337,72.65655825404826,73.54261395878046
Burkina Faso,BFA,2023,71.195,71.9778356266543,71.8333014446564
Burkina Faso,BFA,2024,70.062,70.29219236143301,70.75316390109117
Burkina Faso,BFA,2025,70.005,69.27751255760691,69.6159438853363
Bangladesh,BGD,2021,61.085,59.309707047635676,59.593061512356826
Bangladesh,BGD,2022,61.873,60.40139306401969,61.02845130241015
Bangladesh,BGD,2023,60.885,61.87945045314725,61.73351907398744
Bangladesh,BGD,2024,58.903,60.34844085883216,60.503051956145825
Bangladesh,BGD,2025,58.796,58.785783467785706,58.386513906334585
Bulgaria,BGR,2021,55.392,54.65717047041454,55.57198025342805
Bulgaria,BGR,2022,56.735,54.00173575946775,55.11737307046543
Bulgaria,BGR,2023,56.896,56.280357015552646,56.689049354636104
Bulgaria,BGR,2024,56.275,56.48877890761692,56.68229131259563
Bulgaria,BGR,2025,56.115,55.269233315267144,55.949784874612575
Bahrain,BHR,2021,68.94,66.84438439889308,68.68163658991892
Bahrain,BHR,2022,70.285,66.65870283690292,68.64025596616364
Bahrain,BHR,2023,70.7,69.44445169924644,70.18755863758344
Bahrain,BHR,2024,70.569,69.99232326297727,70.46738708311035
Bahrain,BHR,2025,70.429,69.347426469432,70.25443509796176
"Bahamas, The",BHS,2021,69.658,66.56113419986656,66.9919162555424
"Bahamas, The",BHS,2022,74.15,67.11319780316231,69.60346009453679
"Bahamas, The",BHS,2023,74.13,72.7044788354905,74.4568546493836
"Bahamas, The",BHS,2024,73.999,72.68614010033903,73.82636024107809
"Bahamas, The",BHS,2025,73.775,72.66184976174871,73.67133350037847
Bosnia and Herzegovina,BIH,2021,47.716,47.21288993730747,47.12126466523148
Bosnia and Herzegovina,BIH,2022,48.838,47.826811127555196,47.568433674571224
Bosnia and Herzegovina,BIH,2023,49.428,48.44382501224268,48.79278489932999
Bosnia and Herzegovina,BIH,2024,49.241,49.30402089113041,49.29994316563437
Bosnia and Herzegovina,BIH,2025,48.991,49.144395363139076,49.00044478189518
Belarus,BLR,2021,64.02,63.74929089197323,63.76741242548358
Belarus,BLR,2022,64.042,63.73098183514776,63.77580149718653
Belarus,BLR,2023,63.572,63.76917625483822,63.79223243305444
Belarus,BLR,2024,63.256,62.53880784404541,63.24876604883373
Belarus,BLR,2025,62.747,62.25777162042701,62.94473374666322
Belize,BLZ,2021,60.36,52.31234346259978,52.479007729831785
Belize,BLZ,2022,58.32,59.57242386543343,60.88747045724093
Belize,BLZ,2023,57.62,58.38464238033414,57.817509825965104
Belize,BLZ,2024,56.85,57.23179416453668,57.28887380861999
Belize,BLZ,2025,59.1,56.39064028418143,56.50274748191393
Bolivia,BOL,2021,77.79,71.91981541108842,71.74718179333232
Bolivia,BOL,2022,78.267,75.34222684250497,78.23038608300465
Bolivia,BOL,2023,78.38,76.55362397586516,78.02348556438616
Bolivia,BOL,2024,78.33,76.73687835450474,78.07783696017802
Bolivia,BOL,2025,78.626,76.73687835450474,77.99657642611304
Brazil,BRA,2021,62.456,59.858931230790894,59.67242908469834
Brazil,BRA,2022,63.527,62.09092588139538,62.482367383832184
Brazil,BRA,2023,62.915,62.54174108388719,63.41888597663074
Brazil,BRA,2024,63.339,62.03779642638047,62.57536666645379
Brazil,BRA,2025,63.139,62.34681397436885,63.12595620722392
Barbados,BRB,2021,62.387,62.01000659895675,62.63175794299186
Barbados,BRB,2022,65.345,62.03326231202446,62.05489391252794
Barbados,BRB,2023,65.019,65.82618289994346,65.48121746351592
Barbados,BRB,2024,64.975,64.18149549297445,64.70941418505396
Barbados,BRB,2025,64.685,64.10707780472573,64.69338759200635
Brunei Darussalam,BRN,2021,63.895,63.62584258415111,63.609408927710646
Brunei Darussalam,BRN,2022,64.083,63.16207400152738,63.64475404806221
Brunei Darussalam,BRN,2023,64.733,63.772333074618246,63.85518063096432
Brunei Darussalam,BRN,2024,64.509,63.96942462175246,64.55447222740658
Brunei Darussalam,BRN,2025,64.235,63.961812001108186,64.20519850914943
Bhutan,BTN,2021,69.094,66.84529727052916,67.7741529299882
Bhutan,BTN,2022,63.094,66.55659950584841,69.00046751192691
Bhutan,BTN,2023,64.993,61.90910995485335,62.04595507445783
Bhutan,BTN,2024,64.9,64.0881475732237,64.97979779377481
Bhutan,BTN,2025,64.82,64.01008486290621,64.61214915749453
Botswana,BWA,2021,63.994,60.40601512176639,60.78471820185173
Botswana,BWA,2022,64.621,62.665532889107475,64.11023577850496
Botswana,BWA,2023,68.276,63.96733101110245,64.44958351856961
Botswana,BWA,2024,68.569,66.76635610746776,68.48408925473045
Botswana,BWA,2025,68.798,66.7192506036563,68.31853498161477
Central African Republic,CAF,2021,72.626,72.17811355193967,72.36667822021596
Central African Republic,CAF,2022,73.426,72.20825133186104,72.33694455895377
Central African Republic,CAF,2023,73.425,72.55754040683705,73.24398792812691
Central African Republic,CAF,2024,73.421,72.58814116555413,73.12658320319036
Central African Republic,CAF,2025,73.389,72.58296307808229,73.11245279960757
Canada,CAN,2021,65.195,63.670989259213336,63.635612736159985
Canada,CAN,2022,65.247,64.90793435639833,65.09385626207296
Canada,CAN,2023,65.361,65.18260040349952,64.99662452966018
Canada,CAN,2024,64.739,65.48011752406256,65.1086988968598
Canada,CAN,2025,64.516,63.96942462175246,64.38132170673313
Switzerland,CHE,2021,67.736,66.86383285696324,67.69059624622312
Switzerland,CHE,2022,67.078,66.96733262819453,67.44591503059162
Switzerland,CHE,2023,67.454,66.88031495407989,66.72608599291028
Switzerland,CHE,2024,67.103,66.79602819062498,67.22859255668942
Switzerland,CHE,2025,66.747,66.88427599940152,66.77237867909585
Channel Islands,CHI,2021,57.819,57.162183539141004,57.214528147314915
Channel Islands,CHI,2022,57.729,57.89668947418805,57.63763698050434
Channel Islands,CHI,2023,57.084,57.338025389727555,57.488432162154574
Channel Islands,CHI,2024,56.728,56.61502862202255,56.76224505345617
Channel Islands,CHI,2025,56.356,56.25292781869273,56.43634233959707
Chile,CHL,2021,57.552,55.069529394204835,55.26009972401687
Chile,CHL,2022,60.138,57.19990229232051,57.49283379063122
Chile,CHL,2023,61.521,59.3504244248132,60.24457061065641
Chile,CHL,2024,62.295,61.055292588267164,61.45234849463384
Chile,CHL,2025,62.304,61.94130013127164,62.13255050063731
China,CHN,2021,67.11,65.37184019510686,65.26046708929269
China,CHN,2022,65.8,66.81016497162375,67.04029151284539
China,CHN,2023,65.83,65.3932306465617,65.3661462934824
China,CHN,2024,64.91,65.53623069758888,65.56472188947961
China,CHN,2025,64.551,63.914458322082254,64.51198641522326
Cote d'Ivoire,CIV,2021,66.233,63.98146791812201,64.68437545473662
Cote d'Ivoire,CIV,2022,67.149,65.71029863239215,66.16011648394925
Cote d'Ivoire,CIV,2023,67.129,66.81016497162375,67.00641096552818
Cote d'Ivoire,CIV,2024,67.108,66.81016497162375,66.85210201503749
Cote d'Ivoire,CIV,2025,67.09,66.81016497162375,66.82130286944943
Cameroon,CMR,2021,65.315,65.43821703598034,65.47096794702338
Cameroon,CMR,2022,65.576,65.4622296024589,64.98715654008831
Cameroon,CMR,2023,65.552,65.48011752406256,65.35219859544212
Cameroon,CMR,2024,65.528,65.48011752406256,65.28059304823364
Cameroon,CMR,2025,65.171,65.48011752406256,65.24693852325032
"Congo, Dem. Rep.",COD,2021,63.623,62.34388073452706,63.0951085123089
"Congo, Dem. Rep.",COD,2022,64.363,62.54174108388719,63.4060180870913
"Congo, Dem. Rep.",COD,2023,64.396,63.95256898402867,64.20761625057776
"Congo, Dem. Rep.",COD,2024,64.411,63.94941216424865,64.13659883483794
"Congo, Dem. Rep.",COD,2025,64.306,63.94941216424865,64.1393984345855
"Congo, Rep.",COG,2021,65.541,63.91536183027782,64.28117417095177
"Congo, Rep.",COG,2022,67.946,65.48011752406256,65.37222022540844
"Congo, Rep.",COG,2023,67.897,66.77034822203568,67.99864410439258
"Congo, Rep.",COG,2024,67.847,66.90650623144502,67.61330679652204
"Congo, Rep.",COG,2025,67.825,66.96104267468749,67.55361842245873
Colombia,COL,2021,64.33,62.34388073452706,63.06341276944657
Colombia,COL,2022,63.155,63.95269171681968,64.20779175816392
Colombia,COL,2023,63.736,62.0474973031624,62.74922622048317
Colombia,COL,2024,63.528,62.823389483027896,63.55209233381061
Colombia,COL,2025,63.398,62.53880784404541,63.230076226156285
Comoros,COM,2021,55.195,53.557507463913716,53.43037698037315
Comoros,COM,2022,55.468,53.67066645685699,55.21541242698918
Comoros,COM,2023,55.422,54.14507954214693,55.28440613915939
Comoros,COM,2024,55.387,54.047037779889195,55.18635713515067
Comoros,COM,2025,55.772,54.00173575946775,55.14320940324902
Cabo Verde,CPV,2021,54.185,53.43999605144511,52.67645054473486
Cabo Verde,CPV,2022,57.198,53.546887322390276,54.08356589328862
Cabo Verde,CPV,2023,57.122,56.647444582865425,57.37266050403912
Cabo Verde,CPV,2024,57.034,56.613431534356415,56.87586878753051
Cabo Verde,CPV,2025,57.025,56.55352798964278,56.77686078606531
Costa Rica,CRI,2021,61.767,60.232379092286855,59.92492311521048
Costa Rica,CRI,2022,61.491,61.582348471868436,61.68427667950044
Costa Rica,CRI,2023,56.831,61.022834872466646,61.21129438604071
Costa Rica,CRI,2024,57.687,55.52494849127649,55.975568091327254
Costa Rica,CRI,2025,57.659,57.386332213829036,57.55307095543271
Cuba,CUB,2021,52.787,52.05959557845992,52.00008500434818
Cuba,CUB,2022,53.669,52.210229048923566,52.6183328373104
Cuba,CUB,2023,53.165,53.544928543796,53.573373135630575
Cuba,CUB,2024,52.635,53.23389671799162,52.87699025701969
Cuba,CUB,2025,52.248,52.1224320723584,52.335806305639196
Cyprus,CYP,2021,66.476,65.51957934133094,65.44399729088296
Cyprus,CYP,2022,67.624,65.93989411092274,66.32255772903383
Cyprus,CYP,2023,67.945,66.8445799584112,67.5104900680529
Cyprus,CYP,2024,67.189,66.83287785696324,67.71039319870201
Cyprus,CYP,2025,66.961,66.8609538212795,66.80411978422515
Czechia,CZE,2021,59.45,58.97349496462884,59.156676922490206
Czechia,CZE,2022,59.865,58.9087153108078,59.2232575616051
Czechia,CZE,2023,60.434,59.313015517261846,59.68351981455345
Czechia,CZE,2024,60.624,59.85209484274467,60.26110707102397
Czechia,CZE,2025,60.341,60.2889947244289,60.3901669270967
Germany,DEU,2021,60.395,59.870947118114834,60.148017846665375
Germany,DEU,2022,60.835,59.78593273554319,60.154927149632236
Germany,DEU,2023,61.05,60.34844085883216,60.65314373507302
Germany,DEU,2024,60.921,60.3682585808851,60.82761496660173
Germany,DEU,2025,60.571,60.34844085883216,60.64355396129899
Djibouti,DJI,2021,31.784,32.59786761063835,31.402785605449026
Djibouti,DJI,2022,31.789,32.59786761063835,31.693560736966162
Djibouti,DJI,2023,31.775,32.59786761063835,31.660165721937336
Djibouti,DJI,2024,31.773,32.59786761063835,31.633942931728157
Djibouti,DJI,2025,31.744,32.59786761063835,31.623802310952236
Denmark,DNK,2021,62.667,61.89829556413159,61.87796347578117
Denmark,DNK,2022,63.504,62.08144045284594,62.498944631407745
Denmark,DNK,2023,63.752,62.44254398711364,63.36481404323991
Denmark,DNK,2024,65.045,62.85589246399393,63.52368844514983
Denmark,DNK,2025,64.935,64.17104045205136,64.94115711321842
Dominican Republic,DOM,2021,63.174,59.74113216858823,59.503469355081265
Dominican Republic,DOM,2022,63.224,62.1096207098251,63.30841518626871
Dominican Republic,DOM,2023,64.282,62.225702418655764,62.9810854754759
Dominican Republic,DOM,2024,64.648,63.9471396299896,64.15952480005059
Dominican Republic,DOM,2025,64.839,63.9668672927553,64.42223284385233
Algeria,DZA,2021,38.425,37.924903075187245,37.3540227534188
Algeria,DZA,2022,41.795,38.0293597007906,38.33089937928003
Algeria,DZA,2023,41.507,41.39022291238286,42.07603411140853
Algeria,DZA,2024,41.161,41.346260634349306,41.29228328997413
Algeria,DZA,2025,40.784,41.144948867720956,40.930135344959865
Ecuador,ECU,2021,65.686,59.32344560802575,58.99669801952213
Ecuador,ECU,2022,65.832,65.8379138608285,66.18953133376291
Ecuador,ECU,2023,64.489,65.53623069758888,65.5919071798865
Ecuador,ECU,2024,64.54,63.85224686934411,64.0460134034844
Ecuador,ECU,2025,64.497,63.961812001108186,64.27269950561943
"Egypt, Arab Rep.",EGY,2021,42.987,41.34984068123763,41.39082289869725
"Egypt, Arab Rep.",EGY,2022,42.837,42.507221458383675,43.00703741623741
"Egypt, Arab Rep.",EGY,2023,44.669,42.445671138827905,42.64532556108153
"Egypt, Arab Rep.",EGY,2024,44.596,43.15202262773968,44.724507714830594
"Egypt, Arab Rep.",EGY,2025,44.568,43.19554521500791,44.38836773328508
Eritrea,ERI,2021,77.949,75.52904040404053,77.10730632989657
Eritrea,ERI,2022,78.35,75.73904356369322,77.71151945460485
Eritrea,ERI,2023,78.348,76.65377140410791,78.0960482560495
Eritrea,ERI,2024,78.338,76.73687835450474,78.03064562045448
Eritrea,ERI,2025,78.348,76.73687835450474,78.00987232771072
Spain,ESP,2021,57.272,55.342862871279976,56.03385884849231
Spain,ESP,2022,57.571,56.65183296772447,57.17089215027941
Spain,ESP,2023,57.588,57.174915387120585,57.382835492279426
Spain,ESP,2024,57.843,57.17258939823169,57.35247282149765
Spain,ESP,2025,57.41,57.89668947418805,57.62844503064707
Estonia,EST,2021,63.186,62.01870976760298,62.79338074253175
Estonia,EST,2022,65.113,62.05408873558592,62.96589348604444
Estonia,EST,2023,65.604,64.10617737343175,65.11281414829588
Estonia,EST,2024,65.449,65.48938863880215,65.40097258639892
Estonia,EST,2025,65.128,65.48011752406256,65.15079612608716
Ethiopia,ETH,2021,68.253,67.16542906448657,68.8468053070291
Ethiopia,ETH,2022,68.472,66.55390044050984,67.84242652315702
Ethiopia,ETH,2023,68.459,66.7222183246958,68.23154393957479
Ethiopia,ETH,2024,68.466,66.7222183246958,68.17795393410012
Ethiopia,ETH,2025,68.461,66.7222183246958,68.17784422780637
Finland,FIN,2021,59.768,58.76291961842926,58.58989258067373
Finland,FIN,2022,60.422,59.3649638973457,59.66388307232794
Finland,FIN,2023,60.275,59.78593273554319,60.27021783141311
Finland,FIN,2024,59.853,59.548441086316,60.0073707838081
Finland,FIN,2025,59.681,59.313015517261846,59.54061709509913
Fiji,FJI,2021,54.46,53.47935979174073,53.35540240870837
Fiji,FJI,2022,57.116,53.51169711907859,54.315036961061416
Fiji,FJI,2023,57.201,56.61761956376817,57.24343507118205
Fiji,FJI,2024,57.219,56.63850851659468,56.97600602913844
Fiji,FJI,2025,57.16,56.64040404431087,56.97526925716966
France,FRA,2021,55.552,53.550724980677025,53.98616577119126
France,FRA,2022,55.835,54.32615936046519,55.512058255021465
France,FRA,2023,55.938,54.657393355029924,55.65133592122997
France,FRA,2024,55.663,54.68631093641861,55.72022722669383
France,FRA,2025,55.346,54.35193466856176,55.3861964083519
Gabon,GAB,2021,48.517,48.0120893200055,47.23826709035218
Gabon,GAB,2022,51.578,48.39464179813378,48.41804074348212
Gabon,GAB,2023,51.5,51.477854097649946,51.780519012707025
Gabon,GAB,2024,51.315,51.435333983351676,51.27507686153935
Gabon,GAB,2025,51.058,51.081528811010294,51.066789030984175
United Kingdom,GBR,2021,61.973,62.060674348703145,62.3384820300478
United Kingdom,GBR,2022,61.905,61.8964385369207,61.65805516487107
United Kingdom,GBR,2023,61.811,61.883417126192626,61.651410615182414
United Kingdom,GBR,2024,61.556,61.85674591611618,61.54456127122282
United Kingdom,GBR,2025,61.369,61.0254754420278,61.259350100209616
Georgia,GEO,2021,61.006,62.34681397436885,63.23097040626633
Georgia,GEO,2022,63.686,60.30760207881462,60.45599028595069
Georgia,GEO,2023,64.042,62.364774017900565,63.791535466818814
Georgia,GEO,2024,64.345,63.772333074618246,63.826962169903375
Georgia,GEO,2025,64.312,63.949534897039655,64.11200104196666
Ghana,GHA,2021,60.389,61.0352728089783,61.11182608042171
Ghana,GHA,2022,59.101,59.77843678340707,59.99674649453356
Ghana,GHA,2023,59.067,58.796290282970546,58.695664068294036
Ghana,GHA,2024,59.056,58.77042569328776,58.81903223817896
Ghana,GHA,2025,58.524,58.775356762860675,58.801390771069215
Guinea,GIN,2021,52.624,52.09956282071084,52.12037576182409
Guinea,GIN,2022,52.82,52.1224320723584,52.45768654893308
Guinea,GIN,2023,52.812,52.21429203658375,52.63626729120713
Guinea,GIN,2024,52.792,52.21429203658375,52.59138670867546
Guinea,GIN,2025,52.61,52.210229048923566,52.56011896708325
"Gambia, The",GMB,2021,47.636,47.81612457580168,47.49392583759197
"Gambia, The",GMB,2022,47.597,47.71642828855264,47.45052190600309
"Gambia, The",GMB,2023,47.549,47.683749882768616,47.401924676636014
"Gambia, The",GMB,2024,47.507,47.5516261277207,47.343163371305266
"Gambia, The",GMB,2025,47.457,47.50371704965041,47.29237656995039
Guinea-Bissau,GNB,2021,63.765,62.03636706030053,62.3192867226354
Guinea-Bissau,GNB,2022,64.838,62.891034558653736,63.69129008860196
Guinea-Bissau,GNB,2023,64.796,63.97953987413706,64.72514466273316
Guinea-Bissau,GNB,2024,64.751,63.96942462175246,64.52508384062597
Guinea-Bissau,GNB,2025,64.814,63.96942462175246,64.47011004506092
Equatorial Guinea,GNQ,2021,57.677,55.63636060105446,56.23581110084842
Equatorial Guinea,GNQ,2022,61.13,57.37261641516881,57.54837867974966
Equatorial Guinea,GNQ,2023,61.142,60.54657329807429,61.34823246502161
Equatorial Guinea,GNQ,2024,60.908,60.376150598490995,60.892231772745866
Equatorial Guinea,GNQ,2025,60.513,60.34844085883216,60.61662166194311
Greece,GRC,2021,50.33,49.837565114846846,49.768692343509315
Greece,GRC,2022,51.826,50.151659487103665,50.17604431851239
Greece,GRC,2023,51.801,51.985592646689284,51.81917400665024
Greece,GRC,2024,52.333,51.96885027472581,51.581984688025585
Greece,GRC,2025,51.958,52.084402648835955,52.17637735072409
Guatemala,GTM,2021,62.937,58.758322158476034,58.492507926806844
Guatemala,GTM,2022,60.241,62.22061386167106,63.254485363686356
Guatemala,GTM,2023,59.586,59.54094513417987,59.64381823551826
Guatemala,GTM,2024,59.704,59.27415690855439,59.253356529850166
Guatemala,GTM,2025,59.619,59.27649584333255,59.46409343155951
Guam,GUM,2021,59.644,58.92542998689845,58.55429214047873
Guam,GUM,2022,62.192,59.31006563346374,59.479368757565695
Guam,GUM,2023,62.236,62.15617818128075,62.28566479464074
Guam,GUM,2024,62.266,61.93740212025007,61.98631417987484
Guam,GUM,2025,62.265,61.93740212025007,62.004589129932135
Guyana,GUY,2021,51.186,50.78110109762561,50.38202908472795
Guyana,GUY,2022,54.019,51.018907626084946,51.051412100531806
Guyana,GUY,2023,54.7,53.638281595984374,54.18183428830857
Guyana,GUY,2024,55.138,53.524735709997586,54.5639233611909
Guyana,GUY,2025,54.987,53.56518097987116,54.958145891224454
"Hong Kong SAR, China",HKG,2021,58.744,58.78004384377044,58.62532502444903
"Hong Kong SAR, China",HKG,2022,57.851,58.758322158476034,58.49052558786707
"Hong Kong SAR, China",HKG,2023,57.216,57.89073235890451,57.5030374881711
"Hong Kong SAR, China",HKG,2024,56.838,56.6361825277058,56.895072466848056
"Hong Kong SAR, China",HKG,2025,56.356,56.258654749324776,56.542992619151725
Honduras,HND,2021,60.688,59.265844916612366,58.78886291268764
Honduras,HND,2022,58.637,60.43401646639106,60.61672202564499
Honduras,HND,2023,56.485,58.76778452727431,58.131834202311865
Honduras,HND,2024,56.594,55.401048801533925,55.96485870579036
Honduras,HND,2025,56.556,56.06837390071954,56.3647742693293
Croatia,HRV,2021,52.039,50.82359834166752,50.800308967223486
Croatia,HRV,2022,52.508,52.02737473439081,51.984246654271764
Croatia,HRV,2023,52.257,52.11296375242832,52.36181212447247
Croatia,HRV,2024,52.356,52.068525400858164,52.00614840647433
Croatia,HRV,2025,52.143,52.084402648835955,52.141630575959866
Haiti,HTI,2021,65.704,64.83795596700062,64.87801678711936
Haiti,HTI,2022,64.798,65.51957934133094,65.52194727230342
Haiti,HTI,2023,64.487,63.8842909675829,64.42177087917085
Haiti,HTI,2024,63.968,63.953328182692594,64.18144369179946
Haiti,HTI,2025,63.93,63.66026075293607,63.62698233400222
Hungary,HUN,2021,59.115,58.72054990863451,58.23070816245179
Hungary,HUN,2022,59.856,58.779261663094964,58.97995380963438
Hungary,HUN,2023,60.61,59.36286034311232,59.71796483488954
Hungary,HUN,2024,60.66,60.30734207358013,60.46106967653592
Hungary,HUN,2025,60.578,60.2889947244289,60.40738681020885
Indonesia,IDN,2021,65.868,66.83466890351048,67.04350871805858
Indonesia,IDN,2022,67.018,65.41363072973195,65.41393774095202
Indonesia,IDN,2023,67.899,66.7965975603748,66.90707113391254
Indonesia,IDN,2024,67.927,66.81727117802623,67.73913933489395
Indonesia,IDN,2025,67.965,66.86383285696324,67.64369944139509
India,IND,2021,52.522,51.470864302853435,51.26338251287995
India,IND,2022,53.587,52.11296375242832,52.45288455616817
India,IND,2023,54.697,53.58800605626169,53.51605490277911
India,IND,2024,55.639,53.524735709997586,54.61806109587415
India,IND,2025,55.658,54.35245713842594,55.52434560431348
Ireland,IRL,2021,63.546,60.37012841458295,60.705347723295944
Ireland,IRL,2022,64.444,62.27674836804781,63.631988252019006
Ireland,IRL,2023,66.184,63.95256898402867,64.30934636832569
Ireland,IRL,2024,65.014,65.57462420854966,66.14507584628707
Ireland,IRL,2025,64.844,64.09477061216472,64.58229879524428
"Iran, Islamic Rep.",IRN,2021,41.043,41.25851243442588,40.857162874678586
"Iran, Islamic Rep.",IRN,2022,40.562,41.144948867720956,40.84581950882713
"Iran, Islamic Rep.",IRN,2023,41.517,40.31202499335485,40.33493894583951
"Iran, Islamic Rep.",IRN,2024,41.266,41.3402831032934,41.46776481439099
"Iran, Islamic Rep.",IRN,2025,40.965,41.15147691451544,41.0473846163878
Iraq,IRQ,2021,39.663,39.90929702257497,40.13582632133131
Iraq,IRQ,2022,41.478,39.46563375011713,39.42741373959313
Iraq,IRQ,2023,41.628,41.331932185319836,41.55317885504556
Iraq,IRQ,2024,41.556,41.36641720623791,41.47114583422978
Iraq,IRQ,2025,41.533,41.34984068123763,41.36011280632728
Iceland,ISL,2021,73.413,72.53703628344121,73.00009334173532
Iceland,ISL,2022,74.468,72.58679762852088,73.11534566673167
Iceland,ISL,2023,74.748,72.8013223385803,74.31596397043158
Iceland,ISL,2024,75.153,72.99846387168121,74.481948106136
Iceland,ISL,2025,74.926,74.57351379599866,74.89230011171432
Israel,ISR,2021,63.319,62.3021351788004,62.9634978549574
Israel,ISR,2022,64.738,62.342732568560386,63.06722567824458
Israel,ISR,2023,65.055,63.97258144153248,64.67160050610437
Israel,ISR,2024,65.494,64.19872704828347,64.83089950817421
Israel,ISR,2025,65.489,65.48011752406256,65.27472215924455
Italy,ITA,2021,48.443,48.087181437219535,47.86267394071466
Italy,ITA,2022,49.034,48.3781022084644,48.28959403296249
Italy,ITA,2023,49.8,48.57183785716747,48.91732748993878
Italy,ITA,2024,49.588,49.811315954084066,49.69395865509385
Italy,ITA,2025,49.302,49.32029541985231,49.342790306268554
Jamaica,JAM,2021,65.694,63.860822974262874,64.31373662784
Jamaica,JAM,2022,67.654,65.52577354300098,65.55925779531054
Jamaica,JAM,2023,69.469,66.8445799584112,67.64850259979177
Jamaica,JAM,2024,69.443,66.89417311198416,69.42751521743945
Jamaica,JAM,2025,69.566,67.21831117820464,69.14671804444517
Jordan,JOR,2021,38.67,39.4780541661231,39.899709979093885
Jordan,JOR,2022,38.555,38.6703226238328,38.35391549160478
Jordan,JOR,2023,40.123,38.54068752138613,38.384342201520234
Jordan,JOR,2024,40.006,39.597624561489184,40.1607174751493
Jordan,JOR,2025,40.052,39.57379558660825,39.81004108667301
Japan,JPN,2021,62.053,61.91043973992304,61.71367471376602
Japan,JPN,2022,62.502,61.91043973992304,61.83176159418429
Japan,JPN,2023,62.9,62.03636706030053,62.314974735586816
Japan,JPN,2024,63.3,62.04022393667683,62.69491705837679
Japan,JPN,2025,63.448,62.342732568560386,63.08390930027036
Kazakhstan,KAZ,2021,69.36,66.78462135534932,68.82991112011177
Kazakhstan,KAZ,2022,70.196,67.24766968496073,69.11804170965391
Kazakhstan,KAZ,2023,70.401,69.33089426214617,70.03111939749385
Kazakhstan,KAZ,2024,70.587,69.45422062294676,70.14156526461437
Kazakhstan,KAZ,2025,67.77,69.89887761616264,70.31457853285517
Kenya,KEN,2021,67.462,66.85105261572963,66.74004459491022
Kenya,KEN,2022,67.503,66.8050477329772,67.25672020237354
Kenya,KEN,2023,67.463,66.94259883262548,67.24254249267922
Kenya,KEN,2024,67.418,66.87915876075496,67.18216300301906
Kenya,KEN,2025,67.385,66.87013921840277,67.12692288449105
Kyrgyz Republic,KGZ,2021,59.025,56.64057091256485,56.89491079932907
Kyrgyz Republic,KGZ,2022,59.182,58.77248695921484,59.02958449297236
Kyrgyz Republic,KGZ,2023,56.921,58.91081207520461,58.96877301272197
Kyrgyz Republic,KGZ,2024,57.475,56.398417662248455,56.38467871172864
Kyrgyz Republic,KGZ,2025,57.366,57.015378716719844,57.30166596606523
Cambodia,KHM,2021,79.51,82.0903361415198,81.91079016158255
Cambodia,KHM,2022,82.338,79.56731554806969,78.84470131744064
Cambodia,KHM,2023,82.348,81.93944102927102,82.39199817712226
Cambodia,KHM,2024,82.373,82.28756703622209,82.01696472723144
Cambodia,KHM,2025,82.392,82.29164113921212,82.03412045879074
"Korea, Rep.",KOR,2021,62.55,61.91980407939129,61.95167225302856
"Korea, Rep.",KOR,2022,63.794,62.04849793134524,62.349500651286036
"Korea, Rep.",KOR,2023,64.266,63.00678536509535,63.707903050959516
"Korea, Rep.",KOR,2024,64.465,63.933197155113696,64.06555328722038
"Korea, Rep.",KOR,2025,64.351,63.953328182692594,64.2176938829615
Kuwait,KWT,2021,70.585,67.09391313732026,68.39627328645253
Kuwait,KWT,2022,74.352,69.89887761616264,70.50161854396885
Kuwait,KWT,2023,73.971,72.75278897363368,74.56154099433647
Kuwait,KWT,2024,73.559,72.66184976174871,73.61989627979185
Kuwait,KWT,2025,73.365,72.59627614420076,73.19559579548935
Lao PDR,LAO,2021,64.618,62.03779642638047,62.776990390609775
Lao PDR,LAO,2022,66.001,63.96733101110245,64.60002241419187
Lao PDR,LAO,2023,65.99,65.61032288351993,65.92498240188212
Lao PDR,LAO,2024,65.989,65.57900386642706,65.7186511154984
Lao PDR,LAO,2025,66.087,65.57900386642706,65.70924035205176
Lebanon,LBN,2021,45.518,47.20677635550815,47.08562800457044
Lebanon,LBN,2022,43.4,45.73102501842419,45.08880368551702
Lebanon,LBN,2023,43.424,42.7049944532514,42.94411327004221
Liberia,LBR,2021,76.339,75.05638846248395,75.71655609681318
Liberia,LBR,2022,76.686,75.1545900179567,76.08183585667334
Liberia,LBR,2023,76.647,75.37011154077695,76.43121352974535
Liberia,LBR,2024,76.611,75.30827684370867,76.33121596852243
Liberia,LBR,2025,76.582,75.17707953929317,76.28600676447658
Libya,LBY,2021,45.463,43.79294616037714,44.30383494488158
Libya,LBY,2022,48.725,44.79411407373975,45.34987280354191
Libya,LBY,2023,48.507,48.400302283671735,48.96518209669831
Libya,LBY,2024,48.266,48.39464179813378,48.27486663942693
Libya,LBY,2025,47.963,48.13682021559114,48.0219782769511
St. Lucia,LCA,2021,65.499,53.30022542206529,51.539737814083864
St. Lucia,LCA,2022,69.156,65.75525424168443,66.81646278658283
St. Lucia,LCA,2023,68.564,66.54555294121053,69.37074043284258
St. Lucia,LCA,2024,68.23,66.7192506036563,68.20545236700255
St. Lucia,LCA,2025,68.265,66.85984074239532,67.89733761364673
Sri Lanka,LKA,2021,49.836,50.69865014488324,50.079975618755995
Sri Lanka,LKA,2022,49.727,49.822207811015524,49.55955843042763
Sri Lanka,LKA,2023,47.4,49.62089875079355,49.51446739542359
Sri Lanka,LKA,2024,48.6,47.35516358371264,46.89125749144016
Sri Lanka,LKA,2025,48.517,48.41283453199389,48.54658818939225
Lesotho,LSO,2021,56.797,56.611105545467524,56.82731245779061
Lesotho,LSO,2022,57.501,56.25292781869273,56.540442801818905
Lesotho,LSO,2023,57.46,57.11478701192304,57.36703327182614
Lesotho,LSO,2024,57.421,56.98510082110615,57.21723837816315
Lesotho,LSO,2025,57.117,56.67303029171529,57.16890747175908
Lithuania,LTU,2021,62.301,62.08144045284594,62.508513864525284
Lithuania,LTU,2022,62.748,61.93009392826929,62.01716054073152
Lithuania,LTU,2023,62.886,62.08191185954082,62.55976876451726
Lithuania,LTU,2024,63.104,62.04022393667683,62.64634854909743
Lithuania,LTU,2025,62.918,62.02768499062869,62.8644225733579
Luxembourg,LUX,2021,61.482,59.38675435166407,59.893097117080934
Luxembourg,LUX,2022,60.942,61.05265201870599,61.43245721324878
Luxembourg,LUX,2023,61.538,60.34844085883216,60.62923677448175
Luxembourg,LUX,2024,61.764,61.0254754420278,61.364485473668
Luxembourg,LUX,2025,61.502,61.5780411335214,61.530606273595154
Latvia,LVA,2021,60.077,61.0254754420278,61.4050410421322
Latvia,LVA,2022,60.935,59.34726129264841,59.65104993520076
Latvia,LVA,2023,60.985,60.35308274951318,60.808423263561586
Latvia,LVA,2024,60.838,60.36421771095668,60.74089160315934
Latvia,LVA,2025,60.519,60.34844085883216,60.55847409037541
"Macao SAR, China",MAC,2021,68.924,66.07200617631241,68.27236865469031
"Macao SAR, China",MAC,2022,66.648,66.56871957713449,68.69595795853026
"Macao SAR, China",MAC,2023,67.971,66.20416156819886,66.08227319018908
"Macao SAR, China",MAC,2024,68.278,66.77034822203568,67.86972169075531
"Macao SAR, China",MAC,2025,67.848,66.85984074239532,68.03051077731098
Morocco,MAR,2021,45.3,43.1858442504337,44.16430311367331
Morocco,MAR,2022,44.3,44.47831064207,45.229973928501096
Morocco,MAR,2023,44.224,43.14238353758382,43.98955006937487
Morocco,MAR,2024,44.129,43.095866375629996,44.027135378093014
Morocco,MAR,2025,43.941,43.095866375629996,43.92022198421162
Moldova,MDA,2021,72.51,67.14877950810404,69.47159995966364
Moldova,MDA,2022,72.531,72.74155711710671,72.61155078582388
Moldova,MDA,2023,70.787,72.19978607975935,72.24867377248123
Moldova,MDA,2024,72.159,69.90986566066482,70.26655912999522
Moldova,MDA,2025,72.29,71.92503220793418,72.03850346932113
Madagascar,MDG,2021,85.032,84.26196788435978,84.1738452701371
Madagascar,MDG,2022,85.448,84.35854710083912,84.76786394905443
Madagascar,MDG,2023,85.465,84.82196962232553,85.16893339266073
Madagascar,MDG,2024,85.475,84.82196962232553,85.12299082854442
Madagascar,MDG,2025,85.495,85.20175206000299,85.12227430312713
Maldives,MDV,2021,59.784,58.36977329153453,57.38322838608261
Maldives,MDV,2022,63.424,59.37643123917963,59.75439238663936
Maldives,MDV,2023,63.327,62.30161851752073,63.658371252481544
Maldives,MDV,2024,63.204,62.342732568560386,63.05437110982899
Maldives,MDV,2025,63.501,62.225702418655764,62.91863253739417
Mexico,MEX,2021,59.925,55.15417867138175,55.59682617650337
Mexico,MEX,2022,60.946,59.045185086721396,60.163706838978584
Mexico,MEX,2023,61.743,60.35727850430187,60.8410865682595
Mexico,MEX,2024,61.635,61.57407446047602,61.59546789135907
Mexico,MEX,2025,61.609,61.09823430518949,61.35762308107666
North Macedonia,MKD,2021,51.617,52.03933605994754,51.79740757135278
North Macedonia,MKD,2022,52.925,51.704847887227764,51.35625982129659
North Macedonia,MKD,2023,51.751,52.18255450959127,52.88894178931228
North Macedonia,MKD,2024,52.202,51.849458061604984,51.37917313117897
North Macedonia,MKD,2025,51.935,52.04276669989583,52.03509165243853
Mali,MLI,2021,66.766,65.43821703598034,65.4788244744314
Mali,MLI,2022,67.236,66.64051842745329,66.62583145378738
Mali,MLI,2023,67.208,66.81016497162375,67.03368863020854
Mali,MLI,2024,67.173,66.78327622162375,66.92973496627326
Mali,MLI,2025,67.036,66.78327622162375,66.88419032770477
Malta,MLT,2021,62.413,61.04168276475443,61.41371697745461
Malta,MLT,2022,64.001,62.04332909610281,62.30077736755094
Malta,MLT,2023,64.284,63.191584157781996,63.95991992108842
Malta,MLT,2024,64.164,63.9471396299896,64.05831701247892
Malta,MLT,2025,63.98,63.817300886640986,63.87536510239842
Myanmar,MMR,2021,55.191,59.52999521384978,59.885918079252804
Myanmar,MMR,2022,55.218,52.39483466443733,54.321376363528756
Myanmar,MMR,2023,55.192,53.723875896837875,55.00260334164995
Myanmar,MMR,2024,55.129,53.64891801448985,54.95989889756305
Myanmar,MMR,2025,55.088,53.55360856546764,54.8824663663668
Montenegro,MNE,2021,48.102,50.407724579135305,49.63472606159487
Montenegro,MNE,2022,55.484,48.01544176298795,47.617525495501695
Montenegro,MNE,2023,58.564,54.31880359515907,56.24698999576084
Montenegro,MNE,2024,58.234,58.72404267899499,58.73261840454292
Montenegro,MNE,2025,57.966,58.122702765422616,57.940052058244014
Mongolia,MNG,2021,61.199,62.27243947553574,62.9126975292166
Mongolia,MNG,2022,62.614,60.319534966348925,60.66955891939358
Mongolia,MNG,2023,60.833,62.06759280022009,62.5551809194399
Mongolia,MNG,2024,60.312,60.34241867492412,60.34565352612582
Mongolia,MNG,2025,59.689,59.56273243482116,59.98468086257409
Mozambique,MOZ,2021,78.074,76.22463626545863,77.75964264138202
Mozambique,MOZ,2022,78.817,75.86154679610472,77.76746382816779
Mozambique,MOZ,2023,78.811,78.88561268367371,78.60680567920036
Mozambique,MOZ,2024,78.783,79.20266019553539,78.49134444984014
Mozambique,MOZ,2025,78.709,79.20266019553539,78.45077565109501
Mauritania,MRT,2021,40.703,40.16272128376481,40.3383542339828
Mauritania,MRT,2022,40.939,41.01514732851962,40.569837267244864
Mauritania,MRT,2023,40.926,41.12232136316135,40.80597569824732
Mauritania,MRT,2024,40.896,41.11124445147603,40.750121947587274
Mauritania,MRT,2025,40.772,41.11124445147603,40.70822659566509
Mauritius,MUS,2021,52.584,54.047568799701054,54.97556554768764
Mauritius,MUS,2022,55.559,52.16202359462475,51.96801985276367
Mauritius,MUS,2023,58.996,54.32615936046519,55.73486086874505
Mauritius,MUS,2024,58.664,58.77248695921484,59.210506939687406
Mauritius,MUS,2025,58.548,58.750779726941765,58.36814326094843
Malawi,MWI,2021,62.931,66.78531796958723,68.67954374736752
Malawi,MWI,2022,63.07,61.91922139060512,61.98214259294549
Malawi,MWI,2023,62.998,62.02156102343864,62.83952508232221
Malawi,MWI,2024,62.926,62.0297936009363,62.729956830716105
Malawi,MWI,2025,62.577,62.03779642638047,62.64848565170482
Malaysia,MYS,2021,65.619,65.48011752406256,65.18133100497595
Malaysia,MYS,2022,66.223,65.49229290921281,65.38946697560664
Malaysia,MYS,2023,66.178,65.68669473217929,66.04240163267943
Malaysia,MYS,2024,66.107,65.53940577877975,65.90140552007065
Malaysia,MYS,2025,66.12,65.60162554072235,65.81746832283281
Namibia,NAM,2021,56.482,54.482664310750735,55.386824862025925
Namibia,NAM,2022,58.908,55.453200208877824,56.33463997125011
Namibia,NAM,2023,58.898,58.762508714375954,58.997963014150514
Namibia,NAM,2024,58.871,58.76537851802179,58.653873644344564
Namibia,NAM,2025,58.838,58.76537851802179,58.614966833299135
New Caledonia,NCL,2021,57.367,57.34095768816127,57.47210256067526
New Caledonia,NCL,2022,57.592,56.645471452743415,57.10826556840127
New Caledonia,NCL,2023,57.247,57.174915387120585,57.39390132878628
New Caledonia,NCL,2024,56.883,56.638078055421985,56.96457088554043
New Caledonia,NCL,2025,56.421,56.46142462820515,56.58968499304385
Niger,NER,2021,76.515,72.68664632880518,74.09938207613251
Niger,NER,2022,79.612,75.30078489332612,76.54013173627943
Niger,NER,2023,79.56,78.79626402018953,79.71223113897071
Niger,NER,2024,79.561,79.31393687564993,79.23135806058659
Niger,NER,2025,79.741,79.30735592910905,79.2296656014286
Nigeria,NGA,2021,80.143,79.38874473076767,78.79781728036198
Nigeria,NGA,2022,81.268,79.16359546862842,79.94893883210118
Nigeria,NGA,2023,82.559,80.87602536829509,81.09931126143442
Nigeria,NGA,2024,82.566,82.21133129141515,82.39773862668719
Nigeria,NGA,2025,82.517,82.4347047409798,82.22398634852809
Nicaragua,NIC,2021,65.258,63.94941216424865,64.04441109390962
Nicaragua,NIC,2022,65.64,65.27115171157618,65.12958383974185
Nicaragua,NIC,2023,65.891,65.49229290921281,65.43206667340662
Nicaragua,NIC,2024,66.033,65.57594321451732,65.65491757471656
Nicaragua,NIC,2025,66.074,65.58776438934223,65.77211437676408
Netherlands,NLD,2021,66.534,66.0046350285053,66.27953304612602
Netherlands,NLD,2022,67.229,66.02783570366017,66.28019875190245
Netherlands,NLD,2023,67.721,66.81016497162375,67.05667670149846
Netherlands,NLD,2024,67.462,66.83537785041673,67.51001942657317
Netherlands,NLD,2025,67.248,66.87915876075496,67.14225826031078
Norway,NOR,2021,65.68,65.50871574060571,65.40445689525899
Norway,NOR,2022,65.964,65.50871574060571,65.43105872009906
Norway,NOR,2023,65.944,65.57900386642706,65.74177926290935
Norway,NOR,2024,65.834,65.57594321451732,65.67162836872151
Norway,NOR,2025,65.606,65.53623069758888,65.54031780527046
Nepal,NPL,2021,39.513,39.3725948786783,39.197635130978355
Nepal,NPL,2022,39.428,39.450045574362896,39.380521036504376
Nepal,NPL,2023,39.379,39.44155551191673,39.25800244109904
Nepal,NPL,2024,39.313,39.3725948786783,39.20423722214318
Nepal,NPL,2025,39.244,39.22440186003149,39.12647937970001
New Zealand,NZL,2021,70.396,67.691158544948,69.56614753684221
New Zealand,NZL,2022,70.929,69.45422062294676,70.19975372502113
New Zealand,NZL,2023,71.503,70.02219833661329,70.72097162282091
New Zealand,NZL,2024,70.553,70.34580203983057,71.28849253334411
New Zealand,NZL,2025,70.352,69.41222052458038,70.12943695994394
Oman,OMN,2021,65.783,64.64539058197694,65.20767051527827
Oman,OMN,2022,68.251,65.5309568250987,65.51022886945822
Oman,OMN,2023,68.331,66.76635610746776,68.31086826686274
Oman,OMN,2024,68.289,66.83718700950499,68.06282687447089
Oman,OMN,2025,68.377,66.85984074239532,67.99499540348506
Pakistan,PAK,2021,52.73,51.480755166454784,51.40003812161451
Pakistan,PAK,2022,52.406,52.210229048923566,52.68246118584674
Pakistan,PAK,2023,52.372,52.09956282071084,52.15460467983997
Pakistan,PAK,2024,52.308,52.09956282071084,52.149605181566784
Pakistan,PAK,2025,52.335,52.070618063858944,52.072108600448715
Panama,PAN,2021,62.8,65.76448165554402,65.87681767957747
Panama,PAN,2022,66.316,61.93129204834097,62.08241182208612
Panama,PAN,2023,65.144,66.14556438100426,66.52281263396289
Panama,PAN,2024,66.319,64.30249158397493,64.7212821082431
Panama,PAN,2025,66.304,65.82288043971214,66.1945777507286
Peru,PER,2021,71.93,69.69469750178102,67.54853088233554
Peru,PER,2022,74.473,72.43740033592685,72.05720263706158
Peru,PER,2023,72.686,72.84765003224894,74.51908915635266
Peru,PER,2024,72.808,72.0452914082502,72.15257956127337
Peru,PER,2025,72.856,72.2483291935434,72.51857262712643
Philippines,PHL,2021,56.471,52.233170532693435,53.922710639597796
Philippines,PHL,2022,61.439,55.453200208877824,56.48667164138137
Philippines,PHL,2023,61.42,61.27532566684351,61.857791819786925
Philippines,PHL,2024,61.402,60.991993661602685,61.165041888065055
Philippines,PHL,2025,61.35,60.991993661602685,61.13749760631673
Papua New Guinea,PNG,2021,51.672,50.999672232821375,50.802752987527896
Papua New Guinea,PNG,2022,51.989,51.842536912793996,51.56525073293787
Papua New Guinea,PNG,2023,51.962,52.00966229046002,51.82455400760808
Papua New Guinea,PNG,2024,51.96,51.99861314479122,51.74210339211483
Papua New Guinea,PNG,2025,52.07,51.99861314479122,51.733693870598294
Poland,POL,2021,58.698,56.67303029171529,57.17932328477018
Poland,POL,2022,58.946,58.75262618499789,58.64870468406907
Poland,POL,2023,59.23,58.767221437716195,58.74579215856678
Poland,POL,2024,58.656,58.94602261181085,59.02375497693008
Poland,POL,2025,58.312,58.747379577510394,58.3279487400894
Puerto Rico (US),PRI,2021,41.291,39.19435567161878,39.19811754547342
Puerto Rico (US),PRI,2022,41.829,41.129911207705305,41.40686699466282
Puerto Rico (US),PRI,2023,42.134,41.404767114353305,41.73279092576014
Puerto Rico (US),PRI,2024,42.615,41.837263004521546,41.9958530917394
Puerto Rico (US),PRI,2025,42.779,42.26276753686235,42.488706035084775
"Korea, Dem. People's Rep.",PRK,2021,80.711,80.56788231390206,80.11348156664215
"Korea, Dem. People's Rep.",PRK,2022,82.149,80.41019336540135,80.41676238772106
"Korea, Dem. People's Rep.",PRK,2023,82.162,81.82597752048048,82.01862564261342
"Korea, Dem. People's Rep.",PRK,2024,82.162,82.04861244296202,81.83207467731748
"Korea, Dem. People's Rep.",PRK,2025,82.152,82.04861244296202,81.82059738008876
Portugal,PRT,2021,56.831,57.169657099797966,57.193490192135876
Portugal,PRT,2022,57.785,56.24068748324291,56.514922911010046
Portugal,PRT,2023,58.555,57.93619003317616,57.68323884519804
Portugal,PRT,2024,58.443,58.72404267899499,58.41604975966652
Portugal,PRT,2025,58.161,58.72054990863451,58.17728294228942
Paraguay,PRY,2021,71.919,69.30686636139134,69.55764818142369
Paraguay,PRY,2022,70.58,72.41445747008578,71.88591823013064
Paraguay,PRY,2023,70.751,69.75423922985122,70.12402640747302
Paraguay,PRY,2024,70.27,69.98845468841586,70.48570087653107
Paraguay,PRY,2025,70.247,69.321702154972,69.90997067205693
West Bank and Gaza,PSE,2021,43.367,41.19547785697513,40.34709306438337
West Bank and Gaza,PSE,2022,44.991,42.61982691952787,43.52673709767366
French Polynesia,PYF,2021,54.253,53.51169711907859,54.13682825872396
French Polynesia,PYF,2022,53.961,53.550724980677025,54.02000893241066
French Polynesia,PYF,2023,53.353,53.49229436106227,53.70792620169609
French Polynesia,PYF,2024,52.799,53.447697975973405,53.05042335788749
French Polynesia,PYF,2025,52.369,52.21429203658375,52.495983998012356
Qatar,QAT,2021,86.363,87.36957466548166,86.74002439062734
Qatar,QAT,2022,87.575,86.30715745041138,85.93598356247107
Qatar,QAT,2023,87.551,87.56700003304954,87.3938054135435
Qatar,QAT,2024,87.22,87.52803176991925,87.19556329743627
Qatar,QAT,2025,87.013,87.39907893498015,86.81520084791427
Romania,ROU,2021,52.467,52.01554822781195,51.80787028395125
Romania,ROU,2022,52.637,52.10972852854773,52.330714930459564
Romania,ROU,2023,51.739,52.1328231226136,52.45050409920663
Romania,ROU,2024,51.461,51.849458061604984,51.40397153656372
Romania,ROU,2025,51.331,51.38707499522076,51.199847335873905
Russian Federation,RUS,2021,61.966,60.94550779637235,61.12478206328066
Russian Federation,RUS,2022,61.936,61.91043973992304,61.80781296654122
Russian Federation,RUS,2023,62.135,61.91043973992304,61.68735234053885
Russian Federation,RUS,2024,61.824,61.91043973992304,61.90633999998886
Russian Federation,RUS,2025,61.113,61.88052426904977,61.51886937556902
Rwanda,RWA,2021,58.197,62.25487725853458,62.99255078811023
Rwanda,RWA,2022,60.164,58.054383392749216,57.382075578333
Rwanda,RWA,2023,63.664,59.58820044271768,60.188044341211466
Rwanda,RWA,2024,63.521,62.36785958085864,63.8690657172433
Rwanda,RWA,2025,63.681,62.53880784404541,63.231758460407505
Saudi Arabia,SAU,2021,63.511,62.03579489766026,62.348272314704275
Saudi Arabia,SAU,2022,63.801,62.500570005837346,63.41615548844286
Saudi Arabia,SAU,2023,65.336,63.00385212525356,63.58784025966206
Saudi Arabia,SAU,2024,65.201,65.73489332381591,65.27301685475345
Saudi Arabia,SAU,2025,65.098,64.87156708105738,64.90640664323905
Sudan,SDN,2021,38.353,38.96326135994454,38.81626803841605
Sudan,SDN,2022,37.523,38.02097770441379,38.105905533040946
Senegal,SEN,2021,51.681,50.7767486524595,50.53422934780584
Senegal,SEN,2022,51.946,51.842536912793996,51.61376531557119
Senegal,SEN,2023,51.881,51.99861314479122,51.77479385800376
Senegal,SEN,2024,51.85,51.96885027472581,51.6563526521459
Senegal,SEN,2025,52.019,51.96885027472581,51.62025235548755
Singapore,SGP,2021,70.686,66.39930161983244,68.42447099527791
Singapore,SGP,2022,69.734,69.96526576297725,70.68053170460328
Singapore,SGP,2023,69.394,67.29644749927242,69.33279137356705
Singapore,SGP,2024,69.202,67.21113093845422,69.06583870290582
Singapore,SGP,2025,69.673,66.84181774217365,68.88453378808532
Solomon Islands,SLB,2021,83.907,83.62500830766594,83.10453927047072
Solomon Islands,SLB,2022,84.284,83.91104644065436,83.6399704002729
Solomon Islands,SLB,2023,84.28,84.17646537399261,84.00418623470384
Solomon Islands,SLB,2024,84.276,84.17646537399261,83.93972079111711
Solomon Islands,SLB,2025,84.296,84.17646537399261,83.92598987197877
Sierra Leone,SLE,2021,53.612,53.43622074397194,53.0387848797187
Sierra Leone,SLE,2022,53.665,53.48591023498804,53.450568173972826
Sierra Leone,SLE,2023,53.633,53.48591023498804,53.45899754630484
Sierra Leone,SLE,2024,53.584,53.48591023498804,53.40605485305673
Sierra Leone,SLE,2025,53.372,53.48591023498804,53.3452320755818
El Salvador,SLV,2021,59.173,55.223074893971706,55.86717240991452
El Salvador,SLV,2022,60.08,58.83238010548701,59.30192464586467
El Salvador,SLV,2023,61.56,59.39257583926356,59.963214026281136
El Salvador,SLV,2024,61.919,61.055292588267164,61.50411618973628
El Salvador,SLV,2025,62.107,61.91043973992304,61.702724695932275
"Somalia, Fed. Rep.",SOM,2021,33.733,34.1166314521582,33.54665495248173
"Somalia, Fed. Rep.",SOM,2022,33.922,34.10307394278489,33.609282799151536
"Somalia, Fed. Rep.",SOM,2023,33.909,34.13333319628312,33.80951999790058
"Somalia, Fed. Rep.",SOM,2024,33.9,34.13333319628312,33.75992483687065
"Somalia, Fed. Rep.",SOM,2025,33.846,34.13333319628312,33.74174566219705
Serbia,SRB,2021,56.178,53.447697975973405,53.08866631615814
Serbia,SRB,2022,57.066,55.28053951644279,56.33860521576337
Serbia,SRB,2023,58.095,56.60386115712992,56.958196557292
Serbia,SRB,2024,59.162,58.119321605406114,57.99229564893801
Serbia,SRB,2025,59.142,58.827502326321145,59.050533959095894
South Sudan,SSD,2021,73.504,72.08062900890774,72.87207200127136
South Sudan,SSD,2022,73.536,72.56770585752635,73.26086060370105
South Sudan,SSD,2023,73.408,72.59244159376216,73.25129974248864
Sao Tome and Principe,STP,2021,23.308,23.66828911591782,22.970191853381703
Sao Tome and Principe,STP,2022,23.509,23.66828911591782,23.24527592800492
Sao Tome and Principe,STP,2023,23.445,23.66828911591782,23.43789255248166
Sao Tome and Principe,STP,2024,23.391,23.66828911591782,23.329103023213012
Sao Tome and Principe,STP,2025,23.342,23.66828911591782,23.266894704277114
Suriname,SUR,2021,53.245,52.35421393796853,51.97659271311502
Suriname,SUR,2022,53.411,53.533658640075515,53.12212206005338
Suriname,SUR,2023,53.583,53.447697975973405,53.22101499948199
Suriname,SUR,2024,53.835,53.48591023498804,53.38341078066857
Suriname,SUR,2025,53.823,53.48950102240098,53.63535493486554
Slovak Republic,SVK,2021,60.201,58.76537851802179,58.60585833243577
Slovak Republic,SVK,2022,61.157,59.609104419169874,60.145164694431514
Slovak Republic,SVK,2023,61.172,60.376150598490995,61.04262511362723
Slovak Republic,SVK,2024,60.798,60.376150598490995,60.92251666595783
Slovak Republic,SVK,2025,60.422,60.34844085883216,60.488399222386775
Slovenia,SVN,2021,58.38,57.89073235890451,57.52542750797865
Slovenia,SVN,2022,59.053,58.39535651166619,58.23444514668163
Slovenia,SVN,2023,58.057,58.77248695921484,58.908977079471526
Slovenia,SVN,2024,57.953,58.06981538655745,57.684788797811564
Slovenia,SVN,2025,57.565,57.90280911566126,57.69021989093898
Sweden,SWE,2021,64.176,63.814986025847155,63.86098251002477
Sweden,SWE,2022,64.558,63.82043810945416,63.935733113148224
Sweden,SWE,2023,64.931,63.961812001108186,64.35419959719239
Sweden,SWE,2024,64.735,64.01008486290621,64.71483019489878
Sweden,SWE,2025,64.595,63.96942462175246,64.43406377667966
Eswatini,SWZ,2021,49.686,49.3106901702841,49.217760838524896
Eswatini,SWZ,2022,50.434,49.53657051914548,49.52358496882121
Eswatini,SWZ,2023,51.223,50.63734213540656,50.332886251682666
Eswatini,SWZ,2024,51.202,51.07731807905842,51.11458592503958
Eswatini,SWZ,2025,51.191,51.04030338171122,50.97605914092462
Syrian Arab Republic,SYR,2021,36.334,36.1488164412593,35.528911623250295
Syrian Arab Republic,SYR,2022,37.327,36.06558182433386,36.25321284744545
Syrian Arab Republic,SYR,2023,37.132,37.70541499055651,37.30857572413048
Syrian Arab Republic,SYR,2024,36.989,37.34860845223831,36.94637852916014
Syrian Arab Republic,SYR,2025,36.898,36.11156653551661,36.80110294643667
Chad,TCD,2021,59.34,58.974239980935664,59.082723627728015
Chad,TCD,2022,59.786,58.9695529000259,59.110481853901824
Chad,TCD,2023,59.702,59.313015517261846,59.60894957739197
Chad,TCD,2024,59.595,59.27649584333255,59.444948649682985
Chad,TCD,2025,59.44,59.27415690855439,59.325548446368614
Togo,TGO,2021,57.713,56.69071940535166,57.15465628949631
Togo,TGO,2022,57.936,57.34095768816127,57.53110973915541
Togo,TGO,2023,57.921,57.90876623094481,57.73632102635722
Togo,TGO,2024,57.886,57.90280911566126,57.67993969140909
Togo,TGO,2025,57.845,57.89073235890451,57.632663953581186
Thailand,THA,2021,66.952,66.81619493798283,66.78720244701319
Thailand,THA,2022,67.18,66.73541209954074,66.68874558665483
Thailand,THA,2023,67.814,66.81016497162375,66.94567745532153
Thailand,THA,2024,67.129,66.82908789690971,67.62157312412423
Thailand,THA,2025,66.678,66.84614911905187,66.7538034318761
Tajikistan,TJK,2021,37.071,36.104729921455,36.61102856964774
Tajikistan,TJK,2022,37.828,37.201084330143715,36.968888276906156
Tajikistan,TJK,2023,38.094,37.83621011543899,37.77623594091554
Tajikistan,TJK,2024,38.347,37.916346637579146,37.96609141327215
Tajikistan,TJK,2025,38.276,38.02097770441379,38.206647729982635
Turkmenistan,TKM,2021,41.701,41.34984068123763,41.23872737111813
Turkmenistan,TKM,2022,42.202,41.38479530301243,41.563892037428644
Turkmenistan,TKM,2023,41.992,41.803991737417306,42.099439199954105
Turkmenistan,TKM,2024,42.169,41.81097128427711,41.78581732727163
Turkmenistan,TKM,2025,42.031,41.837263004521546,42.00392853436786
Timor-Leste,TLS,2021,66.473,65.57594321451732,65.60331527471264
Timor-Leste,TLS,2022,66.56,65.93989411092274,66.29413534519213
Timor-Leste,TLS,2023,66.577,66.31809553562833,66.30926990523633
Timor-Leste,TLS,2024,66.763,66.35737155552998,66.3071374685308
Timor-Leste,TLS,2025,66.98,66.64051842745329,66.50518509529206
Tonga,TON,2021,51.935,52.09956282071084,52.05662509228405
Tonga,TON,2022,51.378,51.995445555314724,51.67783896756572
Tonga,TON,2023,50.601,51.08592037209627,51.09950471421962
Tonga,TON,2024,50.196,50.73171913159286,50.286430903244
Tonga,TON,2025,49.808,50.06815739789838,49.922767758028485
Trinidad and Tobago,TTO,2021,57.632,58.76778452727431,58.151726082695
Trinidad and Tobago,TTO,2022,58.35,57.25249719832762,57.27970611621064
Trinidad and Tobago,TTO,2023,59.27,58.401313626949744,58.21465460068708
Trinidad and Tobago,TTO,2024,58.153,58.96438441331371,59.14829289084889
Trinidad and Tobago,TTO,2025,57.75,58.121336754224586,57.7545633686377
Tunisia,TUN,2021,45.228,45.87835466617044,44.78778135551167
Tunisia,TUN,2022,46.404,44.46864796465064,45.0198941681891
Tunisia,TUN,2023,45.78,46.289012716807434,46.375272787994625
Tunisia,TUN,2024,45.486,45.950956658462644,45.504219420976135
Tunisia,TUN,2025,45.219,45.68856818959129,45.245539505977675
Turkiye,TUR,2021,51.359,49.17645950253345,48.67533045943473
Turkiye,TUR,2022,53.055,51.10328749384829,51.43414643184812
Turkiye,TUR,2023,53.313,52.59367943552347,53.07011188212358
Turkiye,TUR,2024,54.2,53.447697975973405,53.12589398916943
Turkiye,TUR,2025,54.379,53.546887322390276,54.08351828228402
Tanzania,TZA,2021,83.733,82.62078862278477,82.40230458626161
Tanzania,TZA,2022,83.77,83.62468852504816,83.53414790053779
Tanzania,TZA,2023,83.766,83.82085852419115,83.44687466078022
Tanzania,TZA,2024,83.749,83.81569761732841,83.42768412090072
Tanzania,TZA,2025,83.716,83.81569761732841,83.39927175870376
Uganda,UGA,2021,79.3,75.7045402113291,77.82458027455701
Uganda,UGA,2022,80.03,78.91876160287165,79.17067945018384
Uganda,UGA,2023,79.998,79.57564628247768,79.81344127443994
Uganda,UGA,2024,79.972,79.51688282689007,79.67034825822184
Uganda,UGA,2025,80.028,79.48383723698016,79.63550034154296
Ukraine,UKR,2021,54.639,53.54415949923477,54.72407897558716
Uruguay,URY,2021,62.887,60.319534966348925,60.562632295231225
Uruguay,URY,2022,63.181,62.07663907472568,62.886020923863896
Uruguay,URY,2023,64.584,62.04230281756345,62.970741124393165
Uruguay,URY,2024,65.018,63.96496882088821,64.50631195942469
Uruguay,URY,2025,64.99,64.18149549297445,64.7998745327262
United States,USA,2021,61.501,61.00572735441273,61.1602464357799
United States,USA,2022,61.794,61.022834872466646,61.260431074342236
United States,USA,2023,62.08,61.58065882987304,61.588905897561254
United States,USA,2024,61.959,61.91043973992304,61.8631351328049
United States,USA,2025,61.704,61.91043973992304,61.67865439650618
Uzbekistan,UZB,2021,56.03,54.32185756243563,55.16868220199657
Uzbekistan,UZB,2022,57.685,55.16681612228567,55.88596441693113
Uzbekistan,UZB,2023,57.743,57.386332213829036,57.67696701449884
Uzbekistan,UZB,2024,57.701,57.38282814568281,57.51234038753753
Uzbekistan,UZB,2025,57.499,57.34095768816127,57.44743846914454
St. Vincent and the Grenadines,VCT,2021,66.756,65.98031233756592,66.15914163331436
St. Vincent and the Grenadines,VCT,2022,67.55,66.64051842745329,66.53370901678441
St. Vincent and the Grenadines,VCT,2023,67.862,66.84492433143343,67.38963356197831
St. Vincent and the Grenadines,VCT,2024,68.037,66.92221065418492,67.62651178111184
St. Vincent and the Grenadines,VCT,2025,67.9,66.86383285696324,67.77285401132185
"Venezuela, RB",VEN,2021,48.611,48.074710606530004,47.07525817192949
"Venezuela, RB",VEN,2022,50.883,48.41283453199389,48.48464991021075
"Venezuela, RB",VEN,2023,51.366,50.827499890716716,50.98310930069639
"Venezuela, RB",VEN,2024,52.05,51.081528811010294,51.21629229349479
"Venezuela, RB",VEN,2025,51.927,52.02737473439081,51.914698873204166
Virgin Islands (U.S.),VIR,2021,53.562,52.10972852854773,52.28516543351524
Virgin Islands (U.S.),VIR,2022,54.524,53.59571972292835,53.50662253714634
Virgin Islands (U.S.),VIR,2023,54.564,53.52094128108075,54.43576020402348
Virgin Islands (U.S.),VIR,2024,54.471,52.57840505286431,54.343086331808664
Virgin Islands (U.S.),VIR,2025,54.356,53.51169711907859,54.22298488962169
Viet Nam,VNM,2021,73.738,72.64129427894302,73.79500978348548
Viet Nam,VNM,2022,74.484,72.60113437949487,73.37425462022632
Viet Nam,VNM,2023,73.545,72.7905623577689,74.29075595732658
Viet Nam,VNM,2024,73.134,72.59627614420076,73.121219368621
Viet Nam,VNM,2025,72.778,72.15795118868544,72.7723523327647
Vanuatu,VUT,2021,58.284,58.009571885281666,57.754554036833966
Vanuatu,VUT,2022,58.425,58.358525085138155,58.09566751862228
Vanuatu,VUT,2023,58.399,58.68970983562801,58.212533947785026
Vanuatu,VUT,2024,58.345,58.70176653276273,58.15464909480806
Vanuatu,VUT,2025,58.111,58.39535651166619,58.08738063957548
Samoa,WSM,2021,45.59,47.75417008159339,47.05881504820513
Samoa,WSM,2022,43.733,45.950956658462644,45.15360426952143
Samoa,WSM,2023,43.438,42.68553539877283,43.310596454030744
Samoa,WSM,2024,43.084,42.72204724913044,43.214975303938
Samoa,WSM,2025,42.534,42.540679347063616,42.84472475510424
"Yemen, Rep.",YEM,2021,32.308,32.63501792438099,32.34210107593785
"Yemen, Rep.",YEM,2022,33.025,32.62686829537029,32.162427778989795
"Yemen, Rep.",YEM,2023,33.106,32.64186317438099,32.98625553798023
"Yemen, Rep.",YEM,2024,33.185,32.64186317438099,32.97250924145433
"Yemen, Rep.",YEM,2025,33.103,32.65092921565678,33.04119496360975
South Africa,ZAF,2021,52.024,50.70297843598684,49.737949381621945
South Africa,ZAF,2022,53.499,52.03229059977542,52.02350067285519
South Africa,ZAF,2023,55.02,53.57548626007993,53.482987244472774
South Africa,ZAF,2024,55.57,53.54846129726433,54.99455669916397
South Africa,ZAF,2025,55.584,54.32185756243563,55.40340986340344
Zambia,ZMB,2021,60.099,60.48057233320528,60.82774219738967
Zambia,ZMB,2022,59.532,59.38675435166407,59.76817636089693
Zambia,ZMB,2023,61.961,59.27415690855439,59.22102720240929
Zambia,ZMB,2024,61.902,62.08699865132905,62.029954732864184
Zambia,ZMB,2025,61.933,61.883417126192626,61.63012813170045
Zimbabwe,ZWE,2021,65.397,63.865785979406816,64.2789431243861
Zimbabwe,ZWE,2022,65.214,65.50881777677249,65.24634757888141
Zimbabwe,ZWE,2023,67.786,64.87156708105738,64.93245763186535
Zimbabwe,ZWE,2024,67.725,66.83889025018838,67.8517470270724
Zimbabwe,ZWE,2025,67.718,66.93637762819452,67.43061965050785
